{"data":{"allContentfulMenu":{"nodes":[{"content":{"menu":[{"text":"Home","slug":"/","children":[]},{"text":"About Datum","slug":"","children":[{"text":"Welcome from CEO","slug":"/welcome"},{"text":"Why Datum","slug":"/whydutum"},{"text":"Why Australia","slug":"/whyaustralia"},{"text":"Privacy Act Policy","slug":"/privactactpolicy"},{"text":"Student Prospectus","slug":"/studentprospectus"}]},{"text":"Courses","slug":"/courses","children":[]},{"text":"Admission","slug":"","children":[{"text":"International Student Application","slug":"/internationalapp"},{"text":"Domestic Student Application","slug":"/domesticapp"},{"text":"Entry Requirement","slug":"/entryrequirement"},{"text":"Unique Student Identifier","slug":"/usi"},{"text":"Pre-enrolment Information","slug":"/preenrolmentinfo"}]},{"text":"Student Life","slug":"/studentlife","children":[{"text":"Emergency and Services","slug":"/emergencyandservices"},{"text":"Living in Melbourne","slug":"/livinginmel"},{"text":"Student Safety","slug":"/studentsafety"}]},{"text":"Services","slug":"","children":[{"text":"Enrolment & Orientation","slug":"/enrolandorientation"},{"text":"Student Services","slug":"/studentservices"},{"text":"Policies Procedures & Forms","slug":"/policiesandforms"}]},{"text":"My Datum","slug":"","children":[{"text":"Useful Information","slug":"/usefulinformation"}]},{"text":"Agent","slug":"","children":[{"text":"Agent Application Procedure","slug":"/agentprocedure"},{"text":"Agent List","slug":"/agentlist"}]},{"text":"Contact Us","slug":"/contact","children":[]}]}}]}}}