{"polyfill":["/polyfill-ddffc7973c610a7e4503.js"],"app":["/app-b311c3a94a011753f29e.js"],"component---src-pages-404-js":["/component---src-pages-404-js-a220e0d320226417ac09.js"],"component---src-pages-contact-js":["/component---src-pages-contact-js-30d9462759efb6c1979b.js"],"component---src-pages-courses-js":["/component---src-pages-courses-js-47e0d8c2d82800fbcbf1.js"],"component---src-pages-index-js":["/component---src-pages-index-js-2f9e96bba084bafd18a0.js"],"component---src-templates-subpage-js":["/component---src-templates-subpage-js-a605a7a67fbfe6e87658.js"]}