{"errors":[],"warnings":[],"namedChunkGroups":{"polyfill":{"chunks":[2,0,10],"assets":["webpack-runtime-164d4e20a6c57865f84c.js","webpack-runtime-164d4e20a6c57865f84c.js.map","commons-1957f9de223b26e7c89a.js","commons-1957f9de223b26e7c89a.js.map","polyfill-ddffc7973c610a7e4503.js","polyfill-ddffc7973c610a7e4503.js.map"],"children":{},"childAssets":{}},"app":{"chunks":[2,9,3],"assets":["webpack-runtime-164d4e20a6c57865f84c.js","webpack-runtime-164d4e20a6c57865f84c.js.map","framework-b5b229d58c3c710d5429.js","framework-b5b229d58c3c710d5429.js.map","app-b311c3a94a011753f29e.js","app-b311c3a94a011753f29e.js.map"],"children":{},"childAssets":{}},"component---src-pages-404-js":{"chunks":[1,0,4],"assets":["styles.c274b90b9bf1dcc63acd.css","styles-c2fe8482057191dca484.js","styles-c2fe8482057191dca484.js.map","commons-1957f9de223b26e7c89a.js","commons-1957f9de223b26e7c89a.js.map","component---src-pages-404-js-a220e0d320226417ac09.js","component---src-pages-404-js-a220e0d320226417ac09.js.map"],"children":{},"childAssets":{}},"component---src-pages-contact-js":{"chunks":[1,0,5],"assets":["styles.c274b90b9bf1dcc63acd.css","styles-c2fe8482057191dca484.js","styles-c2fe8482057191dca484.js.map","commons-1957f9de223b26e7c89a.js","commons-1957f9de223b26e7c89a.js.map","component---src-pages-contact-js-30d9462759efb6c1979b.js","component---src-pages-contact-js-30d9462759efb6c1979b.js.map"],"children":{},"childAssets":{}},"component---src-pages-courses-js":{"chunks":[1,0,6],"assets":["styles.c274b90b9bf1dcc63acd.css","styles-c2fe8482057191dca484.js","styles-c2fe8482057191dca484.js.map","commons-1957f9de223b26e7c89a.js","commons-1957f9de223b26e7c89a.js.map","component---src-pages-courses-js-47e0d8c2d82800fbcbf1.js","component---src-pages-courses-js-47e0d8c2d82800fbcbf1.js.map"],"children":{},"childAssets":{}},"component---src-pages-index-js":{"chunks":[1,0,7],"assets":["styles.c274b90b9bf1dcc63acd.css","styles-c2fe8482057191dca484.js","styles-c2fe8482057191dca484.js.map","commons-1957f9de223b26e7c89a.js","commons-1957f9de223b26e7c89a.js.map","component---src-pages-index-js-2f9e96bba084bafd18a0.js","component---src-pages-index-js-2f9e96bba084bafd18a0.js.map"],"children":{},"childAssets":{}},"component---src-templates-subpage-js":{"chunks":[1,0,8],"assets":["styles.c274b90b9bf1dcc63acd.css","styles-c2fe8482057191dca484.js","styles-c2fe8482057191dca484.js.map","commons-1957f9de223b26e7c89a.js","commons-1957f9de223b26e7c89a.js.map","component---src-templates-subpage-js-a605a7a67fbfe6e87658.js","component---src-templates-subpage-js-a605a7a67fbfe6e87658.js.map"],"children":{},"childAssets":{}}},"assetsByChunkName":{"polyfill":["webpack-runtime-164d4e20a6c57865f84c.js","commons-1957f9de223b26e7c89a.js","polyfill-ddffc7973c610a7e4503.js"],"app":["webpack-runtime-164d4e20a6c57865f84c.js","framework-b5b229d58c3c710d5429.js","app-b311c3a94a011753f29e.js"],"component---src-pages-404-js":["styles.c274b90b9bf1dcc63acd.css","styles-c2fe8482057191dca484.js","commons-1957f9de223b26e7c89a.js","component---src-pages-404-js-a220e0d320226417ac09.js"],"component---src-pages-contact-js":["styles.c274b90b9bf1dcc63acd.css","styles-c2fe8482057191dca484.js","commons-1957f9de223b26e7c89a.js","component---src-pages-contact-js-30d9462759efb6c1979b.js"],"component---src-pages-courses-js":["styles.c274b90b9bf1dcc63acd.css","styles-c2fe8482057191dca484.js","commons-1957f9de223b26e7c89a.js","component---src-pages-courses-js-47e0d8c2d82800fbcbf1.js"],"component---src-pages-index-js":["styles.c274b90b9bf1dcc63acd.css","styles-c2fe8482057191dca484.js","commons-1957f9de223b26e7c89a.js","component---src-pages-index-js-2f9e96bba084bafd18a0.js"],"component---src-templates-subpage-js":["styles.c274b90b9bf1dcc63acd.css","styles-c2fe8482057191dca484.js","commons-1957f9de223b26e7c89a.js","component---src-templates-subpage-js-a605a7a67fbfe6e87658.js"]}}